app,slug,language,channel,label,share_intent_url,tracked_url,primary_url,primary_url_type,asset_url,title,copy,status
えらんでタイパ,erande-taipa,ja,x,X share,https://twitter.com/intent/tweet?text=%E3%81%9C%E3%82%93%E3%81%B6%E5%8A%B9%E7%8E%87%E3%81%98%E3%82%83%E3%81%AA%E3%81%8F%E3%81%A6%E3%81%84%E3%81%84%E3%80%82%20%E5%8A%B9%E7%8E%87%E3%82%BF%E3%82%A4%E3%83%A0%E3%81%A8%E3%81%98%E3%81%A3%E3%81%8F%E3%82%8A%E3%82%BF%E3%82%A4%E3%83%A0%E3%82%92%E8%87%AA%E5%88%86%E3%81%A7%E9%81%B8%E3%81%B6%E3%80%8C%E7%A6%81%E6%AD%A2%E3%81%97%E3%81%AA%E3%81%84%E3%80%8D%E6%99%82%E9%96%93%E3%83%87%E3%82%B6%E3%82%A4%E3%83%B3%E3%82%A2%E3%83%97%E3%83%AA%E3%80%82&url=https%3A%2F%2Ftmpacc100.github.io%2Fgo%2Ferande-taipa%2Fx%2F,https://tmpacc100.github.io/go/erande-taipa/x/,https://tmpacc100.github.io/erande-taipa/,landing_page,https://tmpacc100.github.io/assets/social/erande-taipa-square.png,ぜんぶ効率じゃなくていい。,ぜんぶ効率じゃなくていい。 効率タイムとじっくりタイムを自分で選ぶ「禁止しない」時間デザインアプリ。,ready_for_public_share
えらんでタイパ,erande-taipa,ja,linkedin,LinkedIn share,https://www.linkedin.com/sharing/share-offsite/?url=https%3A%2F%2Ftmpacc100.github.io%2Fgo%2Ferande-taipa%2Fx%2F,https://tmpacc100.github.io/go/erande-taipa/x/,https://tmpacc100.github.io/erande-taipa/,landing_page,https://tmpacc100.github.io/assets/social/erande-taipa-square.png,ぜんぶ効率じゃなくていい。,ぜんぶ効率じゃなくていい。 効率タイムとじっくりタイムを自分で選ぶ「禁止しない」時間デザインアプリ。,ready_for_public_share
えらんでタイパ,erande-taipa,ja,facebook,Facebook share,https://www.facebook.com/sharer/sharer.php?u=https%3A%2F%2Ftmpacc100.github.io%2Fgo%2Ferande-taipa%2Fx%2F,https://tmpacc100.github.io/go/erande-taipa/x/,https://tmpacc100.github.io/erande-taipa/,landing_page,https://tmpacc100.github.io/assets/social/erande-taipa-square.png,ぜんぶ効率じゃなくていい。,ぜんぶ効率じゃなくていい。 効率タイムとじっくりタイムを自分で選ぶ「禁止しない」時間デザインアプリ。,ready_for_public_share
えらんでタイパ,erande-taipa,ja,line,LINE share,https://social-plugins.line.me/lineit/share?url=https%3A%2F%2Ftmpacc100.github.io%2Fgo%2Ferande-taipa%2Fthreads%2F&text=%E3%81%9C%E3%82%93%E3%81%B6%E5%8A%B9%E7%8E%87%E3%81%98%E3%82%83%E3%81%AA%E3%81%8F%E3%81%A6%E3%81%84%E3%81%84%E3%80%82%20%E5%8A%B9%E7%8E%87%E3%82%BF%E3%82%A4%E3%83%A0%E3%81%A8%E3%81%98%E3%81%A3%E3%81%8F%E3%82%8A%E3%82%BF%E3%82%A4%E3%83%A0%E3%82%92%E8%87%AA%E5%88%86%E3%81%A7%E9%81%B8%E3%81%B6%E3%80%8C%E7%A6%81%E6%AD%A2%E3%81%97%E3%81%AA%E3%81%84%E3%80%8D%E6%99%82%E9%96%93%E3%83%87%E3%82%B6%E3%82%A4%E3%83%B3%E3%82%A2%E3%83%97%E3%83%AA%E3%80%82,https://tmpacc100.github.io/go/erande-taipa/threads/,https://tmpacc100.github.io/erande-taipa/,landing_page,https://tmpacc100.github.io/assets/social/erande-taipa-square.png,ぜんぶ効率じゃなくていい。,ぜんぶ効率じゃなくていい。 効率タイムとじっくりタイムを自分で選ぶ「禁止しない」時間デザインアプリ。,ready_for_public_share
えらんでタイパ,erande-taipa,ja,reddit,Reddit submit,https://www.reddit.com/submit?url=https%3A%2F%2Ftmpacc100.github.io%2Fgo%2Ferande-taipa%2Freddit%2F&title=%E3%81%9C%E3%82%93%E3%81%B6%E5%8A%B9%E7%8E%87%E3%81%98%E3%82%83%E3%81%AA%E3%81%8F%E3%81%A6%E3%81%84%E3%81%84%E3%80%82,https://tmpacc100.github.io/go/erande-taipa/reddit/,https://tmpacc100.github.io/erande-taipa/,landing_page,https://tmpacc100.github.io/assets/social/erande-taipa-square.png,ぜんぶ効率じゃなくていい。,ぜんぶ効率じゃなくていい。 効率タイムとじっくりタイムを自分で選ぶ「禁止しない」時間デザインアプリ。,ready_for_public_share
えらんでタイパ,erande-taipa,ja,email,Email forward,mailto:?subject=%E3%81%9C%E3%82%93%E3%81%B6%E5%8A%B9%E7%8E%87%E3%81%98%E3%82%83%E3%81%AA%E3%81%8F%E3%81%A6%E3%81%84%E3%81%84%E3%80%82%20-%20tmpacc100%20Apps&body=%20%E3%81%9C%E3%82%93%E3%81%B6%E5%8A%B9%E7%8E%87%E3%81%98%E3%82%83%E3%81%AA%E3%81%8F%E3%81%A6%E3%81%84%E3%81%84%E3%80%82%20%E5%8A%B9%E7%8E%87%E3%82%BF%E3%82%A4%E3%83%A0%E3%81%A8%E3%81%98%E3%81%A3%E3%81%8F%E3%82%8A%E3%82%BF%E3%82%A4%E3%83%A0%E3%82%92%E8%87%AA%E5%88%86%E3%81%A7%E9%81%B8%E3%81%B6%E3%80%8C%E7%A6%81%E6%AD%A2%E3%81%97%E3%81%AA%E3%81%84%E3%80%8D%E6%99%82%E9%96%93%E3%83%87%E3%82%B6%E3%82%A4%E3%83%B3%E3%82%A2%E3%83%97%E3%83%AA%E3%80%82%0A%0Ahttps%3A//tmpacc100.github.io/go/erande-taipa/email/,https://tmpacc100.github.io/go/erande-taipa/email/,https://tmpacc100.github.io/erande-taipa/,landing_page,https://tmpacc100.github.io/assets/social/erande-taipa-square.png,ぜんぶ効率じゃなくていい。,ぜんぶ効率じゃなくていい。 効率タイムとじっくりタイムを自分で選ぶ「禁止しない」時間デザインアプリ。,ready_for_public_share
あさゆとり,asayutori,ja,x,X share,https://twitter.com/intent/tweet?text=%E6%9C%9D%E3%81%AE%E3%82%86%E3%81%A8%E3%82%8A%E3%81%8C%E6%95%B0%E5%AD%97%E3%81%A7%E8%A6%8B%E3%81%88%E3%82%8B%E3%80%82%20%E5%87%BA%E7%99%BA%E3%81%BE%E3%81%A7%E3%81%AE%C2%B1%E3%82%86%E3%81%A8%E3%82%8A%E5%88%86%E3%81%A8Live%20Activity%E3%81%A7%E3%80%81%E6%9C%9D%E3%81%AE%E6%94%AF%E5%BA%A6%E3%82%92%E8%90%BD%E3%81%A1%E7%9D%80%E3%81%8B%E3%81%9B%E3%82%8B%E3%83%AB%E3%83%BC%E3%83%86%E3%82%A3%E3%83%B3%E3%82%A2%E3%83%97%E3%83%AA%E3%80%82&url=https%3A%2F%2Ftmpacc100.github.io%2Fgo%2Fasayutori%2Fx%2F,https://tmpacc100.github.io/go/asayutori/x/,https://tmpacc100.github.io/asayutori/,landing_page,https://tmpacc100.github.io/assets/social/asayutori-square.png,朝のゆとりが数字で見える。,朝のゆとりが数字で見える。 出発までの±ゆとり分とLive Activityで、朝の支度を落ち着かせるルーティンアプリ。,ready_for_public_share
あさゆとり,asayutori,ja,linkedin,LinkedIn share,https://www.linkedin.com/sharing/share-offsite/?url=https%3A%2F%2Ftmpacc100.github.io%2Fgo%2Fasayutori%2Fx%2F,https://tmpacc100.github.io/go/asayutori/x/,https://tmpacc100.github.io/asayutori/,landing_page,https://tmpacc100.github.io/assets/social/asayutori-square.png,朝のゆとりが数字で見える。,朝のゆとりが数字で見える。 出発までの±ゆとり分とLive Activityで、朝の支度を落ち着かせるルーティンアプリ。,ready_for_public_share
あさゆとり,asayutori,ja,facebook,Facebook share,https://www.facebook.com/sharer/sharer.php?u=https%3A%2F%2Ftmpacc100.github.io%2Fgo%2Fasayutori%2Fx%2F,https://tmpacc100.github.io/go/asayutori/x/,https://tmpacc100.github.io/asayutori/,landing_page,https://tmpacc100.github.io/assets/social/asayutori-square.png,朝のゆとりが数字で見える。,朝のゆとりが数字で見える。 出発までの±ゆとり分とLive Activityで、朝の支度を落ち着かせるルーティンアプリ。,ready_for_public_share
あさゆとり,asayutori,ja,line,LINE share,https://social-plugins.line.me/lineit/share?url=https%3A%2F%2Ftmpacc100.github.io%2Fgo%2Fasayutori%2Fthreads%2F&text=%E6%9C%9D%E3%81%AE%E3%82%86%E3%81%A8%E3%82%8A%E3%81%8C%E6%95%B0%E5%AD%97%E3%81%A7%E8%A6%8B%E3%81%88%E3%82%8B%E3%80%82%20%E5%87%BA%E7%99%BA%E3%81%BE%E3%81%A7%E3%81%AE%C2%B1%E3%82%86%E3%81%A8%E3%82%8A%E5%88%86%E3%81%A8Live%20Activity%E3%81%A7%E3%80%81%E6%9C%9D%E3%81%AE%E6%94%AF%E5%BA%A6%E3%82%92%E8%90%BD%E3%81%A1%E7%9D%80%E3%81%8B%E3%81%9B%E3%82%8B%E3%83%AB%E3%83%BC%E3%83%86%E3%82%A3%E3%83%B3%E3%82%A2%E3%83%97%E3%83%AA%E3%80%82,https://tmpacc100.github.io/go/asayutori/threads/,https://tmpacc100.github.io/asayutori/,landing_page,https://tmpacc100.github.io/assets/social/asayutori-square.png,朝のゆとりが数字で見える。,朝のゆとりが数字で見える。 出発までの±ゆとり分とLive Activityで、朝の支度を落ち着かせるルーティンアプリ。,ready_for_public_share
あさゆとり,asayutori,ja,reddit,Reddit submit,https://www.reddit.com/submit?url=https%3A%2F%2Ftmpacc100.github.io%2Fgo%2Fasayutori%2Freddit%2F&title=%E6%9C%9D%E3%81%AE%E3%82%86%E3%81%A8%E3%82%8A%E3%81%8C%E6%95%B0%E5%AD%97%E3%81%A7%E8%A6%8B%E3%81%88%E3%82%8B%E3%80%82,https://tmpacc100.github.io/go/asayutori/reddit/,https://tmpacc100.github.io/asayutori/,landing_page,https://tmpacc100.github.io/assets/social/asayutori-square.png,朝のゆとりが数字で見える。,朝のゆとりが数字で見える。 出発までの±ゆとり分とLive Activityで、朝の支度を落ち着かせるルーティンアプリ。,ready_for_public_share
あさゆとり,asayutori,ja,email,Email forward,mailto:?subject=%E6%9C%9D%E3%81%AE%E3%82%86%E3%81%A8%E3%82%8A%E3%81%8C%E6%95%B0%E5%AD%97%E3%81%A7%E8%A6%8B%E3%81%88%E3%82%8B%E3%80%82%20-%20tmpacc100%20Apps&body=%20%E6%9C%9D%E3%81%AE%E3%82%86%E3%81%A8%E3%82%8A%E3%81%8C%E6%95%B0%E5%AD%97%E3%81%A7%E8%A6%8B%E3%81%88%E3%82%8B%E3%80%82%20%E5%87%BA%E7%99%BA%E3%81%BE%E3%81%A7%E3%81%AE%C2%B1%E3%82%86%E3%81%A8%E3%82%8A%E5%88%86%E3%81%A8Live%20Activity%E3%81%A7%E3%80%81%E6%9C%9D%E3%81%AE%E6%94%AF%E5%BA%A6%E3%82%92%E8%90%BD%E3%81%A1%E7%9D%80%E3%81%8B%E3%81%9B%E3%82%8B%E3%83%AB%E3%83%BC%E3%83%86%E3%82%A3%E3%83%B3%E3%82%A2%E3%83%97%E3%83%AA%E3%80%82%0A%0Ahttps%3A//tmpacc100.github.io/go/asayutori/email/,https://tmpacc100.github.io/go/asayutori/email/,https://tmpacc100.github.io/asayutori/,landing_page,https://tmpacc100.github.io/assets/social/asayutori-square.png,朝のゆとりが数字で見える。,朝のゆとりが数字で見える。 出発までの±ゆとり分とLive Activityで、朝の支度を落ち着かせるルーティンアプリ。,ready_for_public_share
かうまえ,kaumae,ja,x,X share,https://twitter.com/intent/tweet?text=%E8%B2%B7%E3%81%86%E3%81%BE%E3%81%88%E3%81%AB%E3%80%81%E3%81%B2%E3%81%A8%E5%91%BC%E5%90%B8%E3%80%82%20%E3%83%81%E3%82%A7%E3%83%83%E3%82%AF%E3%83%AA%E3%82%B9%E3%83%88%E3%81%A8%E4%BB%BB%E6%84%8F%E3%81%AEAI%E3%83%AA%E3%82%B5%E3%83%BC%E3%83%81%E3%82%AC%E3%82%A4%E3%83%89%E3%81%A7%E3%80%81%E8%B2%B7%E3%81%84%E7%89%A9%E3%81%AE%E5%A4%B1%E6%95%97%E3%82%92%E6%B8%9B%E3%82%89%E3%81%99%E5%8F%B0%E5%B8%B3%E3%82%A2%E3%83%97%E3%83%AA%E3%80%82&url=https%3A%2F%2Ftmpacc100.github.io%2Fgo%2Fkaumae%2Fx%2F,https://tmpacc100.github.io/go/kaumae/x/,https://tmpacc100.github.io/kaumae/,landing_page,https://tmpacc100.github.io/assets/social/kaumae-square.png,買うまえに、ひと呼吸。,買うまえに、ひと呼吸。 チェックリストと任意のAIリサーチガイドで、買い物の失敗を減らす台帳アプリ。,ready_for_public_share
かうまえ,kaumae,ja,linkedin,LinkedIn share,https://www.linkedin.com/sharing/share-offsite/?url=https%3A%2F%2Ftmpacc100.github.io%2Fgo%2Fkaumae%2Fx%2F,https://tmpacc100.github.io/go/kaumae/x/,https://tmpacc100.github.io/kaumae/,landing_page,https://tmpacc100.github.io/assets/social/kaumae-square.png,買うまえに、ひと呼吸。,買うまえに、ひと呼吸。 チェックリストと任意のAIリサーチガイドで、買い物の失敗を減らす台帳アプリ。,ready_for_public_share
かうまえ,kaumae,ja,facebook,Facebook share,https://www.facebook.com/sharer/sharer.php?u=https%3A%2F%2Ftmpacc100.github.io%2Fgo%2Fkaumae%2Fx%2F,https://tmpacc100.github.io/go/kaumae/x/,https://tmpacc100.github.io/kaumae/,landing_page,https://tmpacc100.github.io/assets/social/kaumae-square.png,買うまえに、ひと呼吸。,買うまえに、ひと呼吸。 チェックリストと任意のAIリサーチガイドで、買い物の失敗を減らす台帳アプリ。,ready_for_public_share
かうまえ,kaumae,ja,line,LINE share,https://social-plugins.line.me/lineit/share?url=https%3A%2F%2Ftmpacc100.github.io%2Fgo%2Fkaumae%2Fthreads%2F&text=%E8%B2%B7%E3%81%86%E3%81%BE%E3%81%88%E3%81%AB%E3%80%81%E3%81%B2%E3%81%A8%E5%91%BC%E5%90%B8%E3%80%82%20%E3%83%81%E3%82%A7%E3%83%83%E3%82%AF%E3%83%AA%E3%82%B9%E3%83%88%E3%81%A8%E4%BB%BB%E6%84%8F%E3%81%AEAI%E3%83%AA%E3%82%B5%E3%83%BC%E3%83%81%E3%82%AC%E3%82%A4%E3%83%89%E3%81%A7%E3%80%81%E8%B2%B7%E3%81%84%E7%89%A9%E3%81%AE%E5%A4%B1%E6%95%97%E3%82%92%E6%B8%9B%E3%82%89%E3%81%99%E5%8F%B0%E5%B8%B3%E3%82%A2%E3%83%97%E3%83%AA%E3%80%82,https://tmpacc100.github.io/go/kaumae/threads/,https://tmpacc100.github.io/kaumae/,landing_page,https://tmpacc100.github.io/assets/social/kaumae-square.png,買うまえに、ひと呼吸。,買うまえに、ひと呼吸。 チェックリストと任意のAIリサーチガイドで、買い物の失敗を減らす台帳アプリ。,ready_for_public_share
かうまえ,kaumae,ja,reddit,Reddit submit,https://www.reddit.com/submit?url=https%3A%2F%2Ftmpacc100.github.io%2Fgo%2Fkaumae%2Freddit%2F&title=%E8%B2%B7%E3%81%86%E3%81%BE%E3%81%88%E3%81%AB%E3%80%81%E3%81%B2%E3%81%A8%E5%91%BC%E5%90%B8%E3%80%82,https://tmpacc100.github.io/go/kaumae/reddit/,https://tmpacc100.github.io/kaumae/,landing_page,https://tmpacc100.github.io/assets/social/kaumae-square.png,買うまえに、ひと呼吸。,買うまえに、ひと呼吸。 チェックリストと任意のAIリサーチガイドで、買い物の失敗を減らす台帳アプリ。,ready_for_public_share
かうまえ,kaumae,ja,email,Email forward,mailto:?subject=%E8%B2%B7%E3%81%86%E3%81%BE%E3%81%88%E3%81%AB%E3%80%81%E3%81%B2%E3%81%A8%E5%91%BC%E5%90%B8%E3%80%82%20-%20tmpacc100%20Apps&body=%20%E8%B2%B7%E3%81%86%E3%81%BE%E3%81%88%E3%81%AB%E3%80%81%E3%81%B2%E3%81%A8%E5%91%BC%E5%90%B8%E3%80%82%20%E3%83%81%E3%82%A7%E3%83%83%E3%82%AF%E3%83%AA%E3%82%B9%E3%83%88%E3%81%A8%E4%BB%BB%E6%84%8F%E3%81%AEAI%E3%83%AA%E3%82%B5%E3%83%BC%E3%83%81%E3%82%AC%E3%82%A4%E3%83%89%E3%81%A7%E3%80%81%E8%B2%B7%E3%81%84%E7%89%A9%E3%81%AE%E5%A4%B1%E6%95%97%E3%82%92%E6%B8%9B%E3%82%89%E3%81%99%E5%8F%B0%E5%B8%B3%E3%82%A2%E3%83%97%E3%83%AA%E3%80%82%0A%0Ahttps%3A//tmpacc100.github.io/go/kaumae/email/,https://tmpacc100.github.io/go/kaumae/email/,https://tmpacc100.github.io/kaumae/,landing_page,https://tmpacc100.github.io/assets/social/kaumae-square.png,買うまえに、ひと呼吸。,買うまえに、ひと呼吸。 チェックリストと任意のAIリサーチガイドで、買い物の失敗を減らす台帳アプリ。,ready_for_public_share
OpusScore,opusscore,ja,x,X share,https://twitter.com/intent/tweet?text=%E6%BC%94%E5%A5%8F%E3%82%92%E8%81%B4%E3%81%84%E3%81%A6%E3%80%81%E8%87%AA%E5%8B%95%E3%81%A7%E8%AD%9C%E3%82%81%E3%81%8F%E3%82%8A%E3%80%82%20%E3%83%94%E3%82%A2%E3%83%8E%E6%BC%94%E5%A5%8F%E3%82%92%E7%AB%AF%E6%9C%AB%E5%86%85%E3%81%A7%E8%A7%A3%E6%9E%90%E3%81%97%E3%80%81%E6%A5%BD%E8%AD%9C%E4%B8%8A%E3%81%AE%E7%8F%BE%E5%9C%A8%E4%BD%8D%E7%BD%AE%E3%82%92%E8%BF%BD%E3%81%84%E3%81%8B%E3%81%91%E3%82%8BiPhone/iPad%E3%82%A2%E3%83%97%E3%83%AA%E3%80%82&url=https%3A%2F%2Ftmpacc100.github.io%2Fgo%2Fopusscore%2Fx%2F,https://tmpacc100.github.io/go/opusscore/x/,https://apps.apple.com/jp/app/apple-store/id6783845152,store,https://tmpacc100.github.io/assets/social/opusscore-square.png,演奏を聴いて、自動で譜めくり。,演奏を聴いて、自動で譜めくり。 ピアノ演奏を端末内で解析し、楽譜上の現在位置を追いかけるiPhone/iPadアプリ。,ready_for_public_share
OpusScore,opusscore,ja,linkedin,LinkedIn share,https://www.linkedin.com/sharing/share-offsite/?url=https%3A%2F%2Ftmpacc100.github.io%2Fgo%2Fopusscore%2Fx%2F,https://tmpacc100.github.io/go/opusscore/x/,https://apps.apple.com/jp/app/apple-store/id6783845152,store,https://tmpacc100.github.io/assets/social/opusscore-square.png,演奏を聴いて、自動で譜めくり。,演奏を聴いて、自動で譜めくり。 ピアノ演奏を端末内で解析し、楽譜上の現在位置を追いかけるiPhone/iPadアプリ。,ready_for_public_share
OpusScore,opusscore,ja,facebook,Facebook share,https://www.facebook.com/sharer/sharer.php?u=https%3A%2F%2Ftmpacc100.github.io%2Fgo%2Fopusscore%2Fx%2F,https://tmpacc100.github.io/go/opusscore/x/,https://apps.apple.com/jp/app/apple-store/id6783845152,store,https://tmpacc100.github.io/assets/social/opusscore-square.png,演奏を聴いて、自動で譜めくり。,演奏を聴いて、自動で譜めくり。 ピアノ演奏を端末内で解析し、楽譜上の現在位置を追いかけるiPhone/iPadアプリ。,ready_for_public_share
OpusScore,opusscore,ja,line,LINE share,https://social-plugins.line.me/lineit/share?url=https%3A%2F%2Ftmpacc100.github.io%2Fgo%2Fopusscore%2Fthreads%2F&text=%E6%BC%94%E5%A5%8F%E3%82%92%E8%81%B4%E3%81%84%E3%81%A6%E3%80%81%E8%87%AA%E5%8B%95%E3%81%A7%E8%AD%9C%E3%82%81%E3%81%8F%E3%82%8A%E3%80%82%20%E3%83%94%E3%82%A2%E3%83%8E%E6%BC%94%E5%A5%8F%E3%82%92%E7%AB%AF%E6%9C%AB%E5%86%85%E3%81%A7%E8%A7%A3%E6%9E%90%E3%81%97%E3%80%81%E6%A5%BD%E8%AD%9C%E4%B8%8A%E3%81%AE%E7%8F%BE%E5%9C%A8%E4%BD%8D%E7%BD%AE%E3%82%92%E8%BF%BD%E3%81%84%E3%81%8B%E3%81%91%E3%82%8BiPhone/iPad%E3%82%A2%E3%83%97%E3%83%AA%E3%80%82,https://tmpacc100.github.io/go/opusscore/threads/,https://apps.apple.com/jp/app/apple-store/id6783845152,store,https://tmpacc100.github.io/assets/social/opusscore-square.png,演奏を聴いて、自動で譜めくり。,演奏を聴いて、自動で譜めくり。 ピアノ演奏を端末内で解析し、楽譜上の現在位置を追いかけるiPhone/iPadアプリ。,ready_for_public_share
OpusScore,opusscore,ja,reddit,Reddit submit,https://www.reddit.com/submit?url=https%3A%2F%2Ftmpacc100.github.io%2Fgo%2Fopusscore%2Freddit%2F&title=%E6%BC%94%E5%A5%8F%E3%82%92%E8%81%B4%E3%81%84%E3%81%A6%E3%80%81%E8%87%AA%E5%8B%95%E3%81%A7%E8%AD%9C%E3%82%81%E3%81%8F%E3%82%8A%E3%80%82,https://tmpacc100.github.io/go/opusscore/reddit/,https://apps.apple.com/jp/app/apple-store/id6783845152,store,https://tmpacc100.github.io/assets/social/opusscore-square.png,演奏を聴いて、自動で譜めくり。,演奏を聴いて、自動で譜めくり。 ピアノ演奏を端末内で解析し、楽譜上の現在位置を追いかけるiPhone/iPadアプリ。,ready_for_public_share
OpusScore,opusscore,ja,email,Email forward,mailto:?subject=%E6%BC%94%E5%A5%8F%E3%82%92%E8%81%B4%E3%81%84%E3%81%A6%E3%80%81%E8%87%AA%E5%8B%95%E3%81%A7%E8%AD%9C%E3%82%81%E3%81%8F%E3%82%8A%E3%80%82%20-%20tmpacc100%20Apps&body=%20%E6%BC%94%E5%A5%8F%E3%82%92%E8%81%B4%E3%81%84%E3%81%A6%E3%80%81%E8%87%AA%E5%8B%95%E3%81%A7%E8%AD%9C%E3%82%81%E3%81%8F%E3%82%8A%E3%80%82%20%E3%83%94%E3%82%A2%E3%83%8E%E6%BC%94%E5%A5%8F%E3%82%92%E7%AB%AF%E6%9C%AB%E5%86%85%E3%81%A7%E8%A7%A3%E6%9E%90%E3%81%97%E3%80%81%E6%A5%BD%E8%AD%9C%E4%B8%8A%E3%81%AE%E7%8F%BE%E5%9C%A8%E4%BD%8D%E7%BD%AE%E3%82%92%E8%BF%BD%E3%81%84%E3%81%8B%E3%81%91%E3%82%8BiPhone/iPad%E3%82%A2%E3%83%97%E3%83%AA%E3%80%82%0A%0Ahttps%3A//tmpacc100.github.io/go/opusscore/email/,https://tmpacc100.github.io/go/opusscore/email/,https://apps.apple.com/jp/app/apple-store/id6783845152,store,https://tmpacc100.github.io/assets/social/opusscore-square.png,演奏を聴いて、自動で譜めくり。,演奏を聴いて、自動で譜めくり。 ピアノ演奏を端末内で解析し、楽譜上の現在位置を追いかけるiPhone/iPadアプリ。,ready_for_public_share
ClipNest,clipnest,en,x,X share,https://twitter.com/intent/tweet?text=ClipNest%20is%20a%20local-first%20Mac%20clipboard%20history%20and%20snippets%20app%3A%20no%20account%2C%20no%20network%20access%2C%20and%20a%20quiet%20buy-once%20workflow.&url=https%3A%2F%2Ftmpacc100.github.io%2Fgo%2Fclipnest%2Fx%2F,https://tmpacc100.github.io/go/clipnest/x/,https://apps.apple.com/us/app/apple-store/id6777420616,store,https://tmpacc100.github.io/assets/social/clipnest-square.png,"Clipboard history and snippets, local on your Mac.","ClipNest is a local-first Mac clipboard history and snippets app: no account, no network access, and a quiet buy-once workflow.",ready_for_public_share
ClipNest,clipnest,en,linkedin,LinkedIn share,https://www.linkedin.com/sharing/share-offsite/?url=https%3A%2F%2Ftmpacc100.github.io%2Fgo%2Fclipnest%2Fx%2F,https://tmpacc100.github.io/go/clipnest/x/,https://apps.apple.com/us/app/apple-store/id6777420616,store,https://tmpacc100.github.io/assets/social/clipnest-square.png,"Clipboard history and snippets, local on your Mac.","ClipNest is a local-first Mac clipboard history and snippets app: no account, no network access, and a quiet buy-once workflow.",ready_for_public_share
ClipNest,clipnest,en,facebook,Facebook share,https://www.facebook.com/sharer/sharer.php?u=https%3A%2F%2Ftmpacc100.github.io%2Fgo%2Fclipnest%2Fx%2F,https://tmpacc100.github.io/go/clipnest/x/,https://apps.apple.com/us/app/apple-store/id6777420616,store,https://tmpacc100.github.io/assets/social/clipnest-square.png,"Clipboard history and snippets, local on your Mac.","ClipNest is a local-first Mac clipboard history and snippets app: no account, no network access, and a quiet buy-once workflow.",ready_for_public_share
ClipNest,clipnest,en,line,LINE share,https://social-plugins.line.me/lineit/share?url=https%3A%2F%2Ftmpacc100.github.io%2Fgo%2Fclipnest%2Fthreads%2F&text=ClipNest%20is%20a%20local-first%20Mac%20clipboard%20history%20and%20snippets%20app%3A%20no%20account%2C%20no%20network%20access%2C%20and%20a%20quiet%20buy-once%20workflow.,https://tmpacc100.github.io/go/clipnest/threads/,https://apps.apple.com/us/app/apple-store/id6777420616,store,https://tmpacc100.github.io/assets/social/clipnest-square.png,"Clipboard history and snippets, local on your Mac.","ClipNest is a local-first Mac clipboard history and snippets app: no account, no network access, and a quiet buy-once workflow.",ready_for_public_share
ClipNest,clipnest,en,reddit,Reddit submit,https://www.reddit.com/submit?url=https%3A%2F%2Ftmpacc100.github.io%2Fgo%2Fclipnest%2Freddit%2F&title=Clipboard%20history%20and%20snippets%2C%20local%20on%20your%20Mac.,https://tmpacc100.github.io/go/clipnest/reddit/,https://apps.apple.com/us/app/apple-store/id6777420616,store,https://tmpacc100.github.io/assets/social/clipnest-square.png,"Clipboard history and snippets, local on your Mac.","ClipNest is a local-first Mac clipboard history and snippets app: no account, no network access, and a quiet buy-once workflow.",ready_for_public_share
ClipNest,clipnest,en,email,Email forward,mailto:?subject=Clipboard%20history%20and%20snippets%2C%20local%20on%20your%20Mac.%20-%20tmpacc100%20Apps&body=%20ClipNest%20is%20a%20local-first%20Mac%20clipboard%20history%20and%20snippets%20app%3A%20no%20account%2C%20no%20network%20access%2C%20and%20a%20quiet%20buy-once%20workflow.%0A%0Ahttps%3A//tmpacc100.github.io/go/clipnest/email/,https://tmpacc100.github.io/go/clipnest/email/,https://apps.apple.com/us/app/apple-store/id6777420616,store,https://tmpacc100.github.io/assets/social/clipnest-square.png,"Clipboard history and snippets, local on your Mac.","ClipNest is a local-first Mac clipboard history and snippets app: no account, no network access, and a quiet buy-once workflow.",ready_for_public_share
栞,shiori,ja,x,X share,https://twitter.com/intent/tweet?text=1%E6%97%A510%E5%88%86%E3%80%81%E5%90%8D%E4%BD%9C%E3%82%92%E3%80%82%20%E9%9D%92%E7%A9%BA%E6%96%87%E5%BA%AB%E3%81%AE%E5%90%8D%E4%BD%9C%E3%82%92%E3%80%81%E7%BE%8E%E3%81%97%E3%81%84%E7%B8%A6%E6%9B%B8%E3%81%8D%E3%81%A8%E3%83%AB%E3%83%93%E3%81%A7%E8%AA%AD%E3%82%81%E3%82%8BiPhone/iPad/Mac%E8%AA%AD%E6%9B%B8%E3%82%A2%E3%83%97%E3%83%AA%E3%80%82&url=https%3A%2F%2Ftmpacc100.github.io%2Fgo%2Fshiori%2Fx%2F,https://tmpacc100.github.io/go/shiori/x/,https://tmpacc100.github.io/shiori/,landing_page,https://tmpacc100.github.io/assets/social/shiori-square.png,1日10分、名作を。,1日10分、名作を。 青空文庫の名作を、美しい縦書きとルビで読めるiPhone/iPad/Mac読書アプリ。,ready_for_public_share
栞,shiori,ja,linkedin,LinkedIn share,https://www.linkedin.com/sharing/share-offsite/?url=https%3A%2F%2Ftmpacc100.github.io%2Fgo%2Fshiori%2Fx%2F,https://tmpacc100.github.io/go/shiori/x/,https://tmpacc100.github.io/shiori/,landing_page,https://tmpacc100.github.io/assets/social/shiori-square.png,1日10分、名作を。,1日10分、名作を。 青空文庫の名作を、美しい縦書きとルビで読めるiPhone/iPad/Mac読書アプリ。,ready_for_public_share
栞,shiori,ja,facebook,Facebook share,https://www.facebook.com/sharer/sharer.php?u=https%3A%2F%2Ftmpacc100.github.io%2Fgo%2Fshiori%2Fx%2F,https://tmpacc100.github.io/go/shiori/x/,https://tmpacc100.github.io/shiori/,landing_page,https://tmpacc100.github.io/assets/social/shiori-square.png,1日10分、名作を。,1日10分、名作を。 青空文庫の名作を、美しい縦書きとルビで読めるiPhone/iPad/Mac読書アプリ。,ready_for_public_share
栞,shiori,ja,line,LINE share,https://social-plugins.line.me/lineit/share?url=https%3A%2F%2Ftmpacc100.github.io%2Fgo%2Fshiori%2Fthreads%2F&text=1%E6%97%A510%E5%88%86%E3%80%81%E5%90%8D%E4%BD%9C%E3%82%92%E3%80%82%20%E9%9D%92%E7%A9%BA%E6%96%87%E5%BA%AB%E3%81%AE%E5%90%8D%E4%BD%9C%E3%82%92%E3%80%81%E7%BE%8E%E3%81%97%E3%81%84%E7%B8%A6%E6%9B%B8%E3%81%8D%E3%81%A8%E3%83%AB%E3%83%93%E3%81%A7%E8%AA%AD%E3%82%81%E3%82%8BiPhone/iPad/Mac%E8%AA%AD%E6%9B%B8%E3%82%A2%E3%83%97%E3%83%AA%E3%80%82,https://tmpacc100.github.io/go/shiori/threads/,https://tmpacc100.github.io/shiori/,landing_page,https://tmpacc100.github.io/assets/social/shiori-square.png,1日10分、名作を。,1日10分、名作を。 青空文庫の名作を、美しい縦書きとルビで読めるiPhone/iPad/Mac読書アプリ。,ready_for_public_share
栞,shiori,ja,reddit,Reddit submit,https://www.reddit.com/submit?url=https%3A%2F%2Ftmpacc100.github.io%2Fgo%2Fshiori%2Freddit%2F&title=1%E6%97%A510%E5%88%86%E3%80%81%E5%90%8D%E4%BD%9C%E3%82%92%E3%80%82,https://tmpacc100.github.io/go/shiori/reddit/,https://tmpacc100.github.io/shiori/,landing_page,https://tmpacc100.github.io/assets/social/shiori-square.png,1日10分、名作を。,1日10分、名作を。 青空文庫の名作を、美しい縦書きとルビで読めるiPhone/iPad/Mac読書アプリ。,ready_for_public_share
栞,shiori,ja,email,Email forward,mailto:?subject=1%E6%97%A510%E5%88%86%E3%80%81%E5%90%8D%E4%BD%9C%E3%82%92%E3%80%82%20-%20tmpacc100%20Apps&body=%201%E6%97%A510%E5%88%86%E3%80%81%E5%90%8D%E4%BD%9C%E3%82%92%E3%80%82%20%E9%9D%92%E7%A9%BA%E6%96%87%E5%BA%AB%E3%81%AE%E5%90%8D%E4%BD%9C%E3%82%92%E3%80%81%E7%BE%8E%E3%81%97%E3%81%84%E7%B8%A6%E6%9B%B8%E3%81%8D%E3%81%A8%E3%83%AB%E3%83%93%E3%81%A7%E8%AA%AD%E3%82%81%E3%82%8BiPhone/iPad/Mac%E8%AA%AD%E6%9B%B8%E3%82%A2%E3%83%97%E3%83%AA%E3%80%82%0A%0Ahttps%3A//tmpacc100.github.io/go/shiori/email/,https://tmpacc100.github.io/go/shiori/email/,https://tmpacc100.github.io/shiori/,landing_page,https://tmpacc100.github.io/assets/social/shiori-square.png,1日10分、名作を。,1日10分、名作を。 青空文庫の名作を、美しい縦書きとルビで読めるiPhone/iPad/Mac読書アプリ。,ready_for_public_share
GoNihon,gonihon,id,x,X share,https://twitter.com/intent/tweet?text=GoNihon%20helps%20Indonesian%20speakers%20study%20Japanese%20for%20work%20in%20Japan%20with%20offline%20lessons%2C%20vocabulary%2C%20mock%20tests%2C%20and%20interview%20practice.&url=https%3A%2F%2Ftmpacc100.github.io%2Fgo%2Fgonihon%2Fx%2F,https://tmpacc100.github.io/go/gonihon/x/,https://apps.apple.com/id/app/apple-store/id6778385065,store,https://tmpacc100.github.io/assets/social/gonihon-square.png,Belajar bahasa Jepang untuk kerja di Jepang.,"GoNihon helps Indonesian speakers study Japanese for work in Japan with offline lessons, vocabulary, mock tests, and interview practice.",ready_for_public_share
GoNihon,gonihon,id,linkedin,LinkedIn share,https://www.linkedin.com/sharing/share-offsite/?url=https%3A%2F%2Ftmpacc100.github.io%2Fgo%2Fgonihon%2Fx%2F,https://tmpacc100.github.io/go/gonihon/x/,https://apps.apple.com/id/app/apple-store/id6778385065,store,https://tmpacc100.github.io/assets/social/gonihon-square.png,Belajar bahasa Jepang untuk kerja di Jepang.,"GoNihon helps Indonesian speakers study Japanese for work in Japan with offline lessons, vocabulary, mock tests, and interview practice.",ready_for_public_share
GoNihon,gonihon,id,facebook,Facebook share,https://www.facebook.com/sharer/sharer.php?u=https%3A%2F%2Ftmpacc100.github.io%2Fgo%2Fgonihon%2Fx%2F,https://tmpacc100.github.io/go/gonihon/x/,https://apps.apple.com/id/app/apple-store/id6778385065,store,https://tmpacc100.github.io/assets/social/gonihon-square.png,Belajar bahasa Jepang untuk kerja di Jepang.,"GoNihon helps Indonesian speakers study Japanese for work in Japan with offline lessons, vocabulary, mock tests, and interview practice.",ready_for_public_share
GoNihon,gonihon,id,line,LINE share,https://social-plugins.line.me/lineit/share?url=https%3A%2F%2Ftmpacc100.github.io%2Fgo%2Fgonihon%2Fthreads%2F&text=GoNihon%20helps%20Indonesian%20speakers%20study%20Japanese%20for%20work%20in%20Japan%20with%20offline%20lessons%2C%20vocabulary%2C%20mock%20tests%2C%20and%20interview%20practice.,https://tmpacc100.github.io/go/gonihon/threads/,https://apps.apple.com/id/app/apple-store/id6778385065,store,https://tmpacc100.github.io/assets/social/gonihon-square.png,Belajar bahasa Jepang untuk kerja di Jepang.,"GoNihon helps Indonesian speakers study Japanese for work in Japan with offline lessons, vocabulary, mock tests, and interview practice.",ready_for_public_share
GoNihon,gonihon,id,reddit,Reddit submit,https://www.reddit.com/submit?url=https%3A%2F%2Ftmpacc100.github.io%2Fgo%2Fgonihon%2Freddit%2F&title=Belajar%20bahasa%20Jepang%20untuk%20kerja%20di%20Jepang.,https://tmpacc100.github.io/go/gonihon/reddit/,https://apps.apple.com/id/app/apple-store/id6778385065,store,https://tmpacc100.github.io/assets/social/gonihon-square.png,Belajar bahasa Jepang untuk kerja di Jepang.,"GoNihon helps Indonesian speakers study Japanese for work in Japan with offline lessons, vocabulary, mock tests, and interview practice.",ready_for_public_share
GoNihon,gonihon,id,email,Email forward,mailto:?subject=Belajar%20bahasa%20Jepang%20untuk%20kerja%20di%20Jepang.%20-%20tmpacc100%20Apps&body=%20GoNihon%20helps%20Indonesian%20speakers%20study%20Japanese%20for%20work%20in%20Japan%20with%20offline%20lessons%2C%20vocabulary%2C%20mock%20tests%2C%20and%20interview%20practice.%0A%0Ahttps%3A//tmpacc100.github.io/go/gonihon/email/,https://tmpacc100.github.io/go/gonihon/email/,https://apps.apple.com/id/app/apple-store/id6778385065,store,https://tmpacc100.github.io/assets/social/gonihon-square.png,Belajar bahasa Jepang untuk kerja di Jepang.,"GoNihon helps Indonesian speakers study Japanese for work in Japan with offline lessons, vocabulary, mock tests, and interview practice.",ready_for_public_share
